<?xml version="1.0" encoding="ISO-8859-1"?>
<metadata xml:lang="en"><Esri><CreaDate>20110114</CreaDate><CreaTime>14300800</CreaTime><ArcGISFormat>1.0</ArcGISFormat><ArcGISstyle>North American Profile of ISO19115 2003</ArcGISstyle><SyncOnce>TRUE</SyncOnce><DataProperties><itemProps><itemLocation><linkage Sync="TRUE">file://\\WALRUS\G$\uploaded_2011\WRI\Reefs\cntry_3m\commondata\data0\cntry_3m</linkage><protocol Sync="TRUE">Local Area Network</protocol></itemLocation></itemProps><copyHistory><copy source="G:\WRI\rrsea_grids\RR_SEA\borders\cntry_3m" dest="\\WALRUS\G$\uploaded_2011\WRI\Reefs\cntry_3m\commondata\data0\cntry_3m" date="20110114" time="14300800" /></copyHistory></DataProperties></Esri><idinfo><descript><abstract>Country boundaries of Southeast Asia&lt;br /&gt;</abstract><purpose></purpose><supplinf></supplinf></descript><useconst>&lt;a rel="license" style="float:right;" href="http://creativecommons.org/licenses/by/3.0/" target="_blank"&gt;&lt;img alt="Creative Commons License" style="border-width:0" src="http://creativecommons.org/images/public/somerights20.png" /&gt;&lt;/a&gt;This work is licensed under a &lt;a rel="license" href="http://creativecommons.org/licenses/by/3.0/" target="_blank"&gt;Creative Commons Attribution 3.0 License&lt;/a&gt;.</useconst><datacred></datacred><citation><citeinfo><title>Country boundaries of Southeast Asia</title><pubdate /><othercit></othercit><origin>World Resource Institute&lt;br /&gt;</origin><onlink /><pubinfo><publish /><pubplace /></pubinfo></citeinfo><citeinfo /></citation><ptcontac><cntinfo><cntperp><cntper /><cntorg></cntorg></cntperp><cntemail /></cntinfo><cntinfo /></ptcontac><status><progress /><update /></status><timeperd><timeinfo><sngdate></sngdate><current /></timeinfo><timeinfo /></timeperd><keywords><theme><themekey>country</themekey><themekey>boundary</themekey><themekey>outline</themekey><themekey>Asia</themekey><themekt>Data Basin tags</themekt></theme></keywords><spdom><bounding /><bounding /></spdom></idinfo><dataqual><attracc><attraccr></attraccr></attracc><complete></complete><lineage /></dataqual><eainfo><detailed><attr><attrlabl>CTRY3M_</attrlabl><attalias>CTRY3M_</attalias><attrdef></attrdef><attrdomv /></attr><attr><attrlabl>REGION</attrlabl><attalias>REGION</attalias><attrdef>region</attrdef><attrdomv /></attr><attr><attrlabl>PERIMETER</attrlabl><attalias>PERIMETER</attalias><attrdef></attrdef><attrdomv /></attr><attr><attrlabl>LAND_OCEAN</attrlabl><attalias>LAND_OCEAN</attalias><attrdef>land or ocean</attrdef><attrdomv /></attr><attr><attrlabl>CTRY3M_ID</attrlabl><attalias>CTRY3M_ID</attalias><attrdef>ctry3m_ID</attrdef><attrdomv /></attr><attr><attrlabl>FID</attrlabl><attalias>FID</attalias><attrdef /><attrdomv /></attr><attr><attrlabl>CNTRY_NAME</attrlabl><attalias>CNTRY_NAME</attalias><attrdef>country name</attrdef><attrdomv /></attr><attr><attrlabl>Shape</attrlabl><attalias>Shape</attalias><attrdef /><attrdomv /></attr><attr><attrlabl>CONTINENT</attrlabl><attalias>CONTINENT</attalias><attrdef>continent</attrdef><attrdomv /></attr><attr><attrlabl>COUNTRY</attrlabl><attalias>COUNTRY</attalias><attrdef>country</attrdef><attrdomv /></attr><attr><attrlabl>AREA</attrlabl><attalias>AREA</attalias><attrdef>area</attrdef><attrdomv /></attr></detailed></eainfo></metadata>
