<?xml version="1.0" encoding="utf-8" ?>
<ESRI_ItemInformation Culture='en-US'>
<name>59c48c37d74e4a2db4dbc6997c8eba3b</name>
<guid>9C377BCD-2A34-4DCE-BB38-5477C4605E5A</guid>
<catalogpath></catalogpath>
<snippet></snippet>
<description>Country boundaries of Southeast Asia


This dataset was uploaded to Data Basin and is available with additional information at: http://app.databasin.org/app/pages/datasetPage.jsp?id=59c48c37d74e4a2db4dbc6997c8eba3b</description>
<summary></summary>
<title>Country boundaries of Southeast Asia</title>
<tags></tags>
<type>Layer Package</type>
<typekeywords>
<typekeyword>Shapefile Feature Class</typekeyword>
<typekeyword>Layer Package</typekeyword>
<typekeyword>Data</typekeyword>
<typekeyword>ArcMap</typekeyword>
<typekeyword>.lpk</typekeyword>
</typekeywords>
<thumbnail>thumbnail/thumbnail.png</thumbnail>
<documentation></documentation>
<url></url>
<datalastmodifiedtime></datalastmodifiedtime>
<extent>
<xmin>68.1394348144531</xmin>
<ymin>-54.753890991211</ymin>
<xmax>172.090515136719</xmax>
<ymax>53.5544357299805</ymax>
</extent>
<spatialreference>WGS_1984_Web_Mercator_Auxiliary_Sphere</spatialreference>
<accessinformation></accessinformation>
</ESRI_ItemInformation>
