<?xml version="1.0" encoding="UTF-8"?>
<metadata>
	<idinfo>
		<descript>
			<abstract>Country boundaries of Southeast Asia&lt;br /&gt;</abstract>
			<purpose/>
			<supplinf/>
		</descript>
		<useconst>&lt;a rel="license" style="float:right;" href="http://creativecommons.org/licenses/by/3.0/" target="_blank"&gt;&lt;img alt="Creative Commons License" style="border-width:0" src="http://creativecommons.org/images/public/somerights20.png" /&gt;&lt;/a&gt;This work is licensed under a &lt;a rel="license" href="http://creativecommons.org/licenses/by/3.0/" target="_blank"&gt;Creative Commons Attribution 3.0 License&lt;/a&gt;.</useconst>
		<datacred/>
		<citation>
			<citeinfo>
				<title>Country boundaries of Southeast Asia</title>
				<pubdate/>
				<othercit/>
				<origin>World Resource Institute&lt;br /&gt;</origin>
				<onlink>http://app.databasin.org/app/pages/datasetPage.jsp?id=59c48c37d74e4a2db4dbc6997c8eba3b</onlink>
				<pubinfo>
					<publish/>
					<pubplace/>
				</pubinfo>
			</citeinfo>
		</citation>
		<ptcontac>
			<cntinfo>
				<cntperp>
					<cntper/>
					<cntorg/>
				</cntperp>
				<cntemail/>
			</cntinfo>
		</ptcontac>
		<status>
			<progress/>
			<update/>
		</status>
		<timeperd>
			<timeinfo>
				<sngdate/>
				<current/>
			</timeinfo>
		</timeperd>
		<keywords/>
		<spdom>
			<bounding>
				<northbc>53.55443572998048</northbc>
				<eastbc>172.0905151367188</eastbc>
				<southbc>-54.75389099121098</southbc>
				<westbc>68.13943481445314</westbc>
			</bounding>
		</spdom>
	</idinfo>
	<dataqual>
		<attracc>
			<attraccr/>
		</attracc>
		<complete/>
		<lineage/>
	</dataqual>
	<eainfo>
		<detailed>
			<attr>
				<attrlabl>FID</attrlabl>
				<attalias>FID</attalias>
				<attrdef/>
				<attrdomv/>
			</attr>
			<attr>
				<attrlabl>Shape</attrlabl>
				<attalias>Shape</attalias>
				<attrdef/>
				<attrdomv/>
			</attr>
			<attr>
				<attrlabl>AREA</attrlabl>
				<attalias>AREA</attalias>
				<attrdef>area</attrdef>
				<attrdomv/>
			</attr>
			<attr>
				<attrlabl>PERIMETER</attrlabl>
				<attalias>PERIMETER</attalias>
				<attrdef/>
				<attrdomv/>
			</attr>
			<attr>
				<attrlabl>CTRY3M_</attrlabl>
				<attalias>CTRY3M_</attalias>
				<attrdef/>
				<attrdomv/>
			</attr>
			<attr>
				<attrlabl>CTRY3M_ID</attrlabl>
				<attalias>CTRY3M_ID</attalias>
				<attrdef>ctry3m_ID</attrdef>
				<attrdomv/>
			</attr>
			<attr>
				<attrlabl>COUNTRY</attrlabl>
				<attalias>COUNTRY</attalias>
				<attrdef>country</attrdef>
				<attrdomv/>
			</attr>
			<attr>
				<attrlabl>CNTRY_NAME</attrlabl>
				<attalias>CNTRY_NAME</attalias>
				<attrdef>country name</attrdef>
				<attrdomv/>
			</attr>
			<attr>
				<attrlabl>REGION</attrlabl>
				<attalias>REGION</attalias>
				<attrdef>region</attrdef>
				<attrdomv/>
			</attr>
			<attr>
				<attrlabl>CONTINENT</attrlabl>
				<attalias>CONTINENT</attalias>
				<attrdef>continent</attrdef>
				<attrdomv/>
			</attr>
			<attr>
				<attrlabl>LAND_OCEAN</attrlabl>
				<attalias>LAND_OCEAN</attalias>
				<attrdef>land or ocean</attrdef>
				<attrdomv/>
			</attr>
		</detailed>
	</eainfo>
	<distinfo>
		<resdesc>Country boundaries of Southeast Asia</resdesc>
		<distrib>
			<cntinfo>
				<cntorgp>
					<cntorg>Data Basin (www.databasin.org)</cntorg>
				</cntorgp>
				<cntemail>databasin@consbio.org</cntemail>
				<cntorgp/>
			</cntinfo>
			<cntinfo/>
			<cntinfo/>
		</distrib>
		<stdorder>
			<digform>
				<digtopt>
					<onlinopt>
						<computer>
							<networka>
								<networkr>http://app.databasin.org/app/pages/datasetPage.jsp?id=59c48c37d74e4a2db4dbc6997c8eba3b</networkr>
							</networka>
						</computer>
					</onlinopt>
				</digtopt>
			</digform>
		</stdorder>
	</distinfo>
	<Esri><CreaDate>20110513</CreaDate><CreaTime>03263800</CreaTime><ArcGISFormat>1.0</ArcGISFormat><SyncOnce>TRUE</SyncOnce><DataProperties><itemProps><itemLocation><linkage Sync="TRUE">file://\\IP-0A5317A4\C\arcgisserver\services\im2\59c48c37d74e4a2db4dbc6997c8eba3b\59c48c37d74e4a2db4dbc6997c8eba3b\commondata\data0\cntry_3m</linkage><protocol Sync="TRUE">Local Area Network</protocol></itemLocation></itemProps><copyHistory><copy source="C:\arcgisserver\services\im2\59c48c37d74e4a2db4dbc6997c8eba3b\commondata\data0\cntry_3m" dest="\\IP-0A5317A4\C\arcgisserver\services\im2\59c48c37d74e4a2db4dbc6997c8eba3b\59c48c37d74e4a2db4dbc6997c8eba3b\commondata\data0\cntry_3m" date="20110513" time="03263800"></copy></copyHistory></DataProperties></Esri></metadata>
