{
  "author": {
    "email": "kiatisak.vongprasert@dga.or.th",
    "name": "Kiattisak Vongprasert"
  },
  "description": "ข้อมูลจัดซื้อจัดจ้างประจำปีงบประมาณ 2662",
  "keywords": [
    "งบประมาณ",
    "จัดซื้อจัดจ้าง"
  ],
  "license": {
    "title": "DGA Open Government License",
    "type": "ogl"
  },
  "name": "govspending_2662",
  "resources": [
    {
      "description": "ข้อมูลจัดซื้อจัดจ้างเดือนมีนาคม 2562 (Contact)",
      "format": "CSV",
      "name": "kh-muulcchadchuue-cchadcchaangeduue-nmiinaakhm-2562-contact",
      "path": "https://opendata.data.go.th/dataset/85c5df54-f349-4d0f-9e2a-179a4a2d8ed3/resource/060f92f9-8682-4209-9408-94b20265cf05/download/25620302_contract.csv",
      "title": "ข้อมูลจัดซื้อจัดจ้างเดือนมีนาคม 2562 (Contact)"
    },
    {
      "description": "ข้อมูลจัดซื้อจัดจ้างเดือนมีนาคม 2562 (location)",
      "format": "CSV",
      "name": "kh-muulcchadchuue-cchadcchaangeduue-nmiinaakhm-2562-location",
      "path": "https://opendata.data.go.th/dataset/85c5df54-f349-4d0f-9e2a-179a4a2d8ed3/resource/e0418439-1a41-4619-86ee-31ad4a45d957/download/25620302_project_location.csv",
      "schema": {
        "fields": [
          {
            "name": "PROJECT_ID",
            "type": "number"
          },
          {
            "name": "POITYPE",
            "type": "string"
          },
          {
            "name": "ITEMNO",
            "type": "number"
          },
          {
            "name": "LATITUDE",
            "type": "number"
          },
          {
            "name": "LONGTITUDE",
            "type": "number"
          }
        ]
      },
      "title": "ข้อมูลจัดซื้อจัดจ้างเดือนมีนาคม 2562 (location)"
    }
  ],
  "title": "ข้อมูลจัดซื้อจัดจ้างประจำปีงบประมาณ 2662"
}